<?xml version="1.0" encoding="UTF-8" standalone="yes"?>
<!--    This file is part of MagiskOnWSALocal.

        MagiskOnWSALocal is free software: you can redistribute it and/or modify
        it under the terms of the GNU Affero General Public License as
        published by the Free Software Foundation, either version 3 of the
        License, or (at your option) any later version.

        MagiskOnWSALocal is distributed in the hope that it will be useful,
        but WITHOUT ANY WARRANTY; without even the implied warranty of
        MERCHANTABILITY or FITNESS FOR A PARTICULAR PURPOSE.  See the
        GNU Affero General Public License for more details.

        You should have received a copy of the GNU Affero General Public License
        along with MagiskOnWSALocal.  If not, see <https://www.gnu.org/licenses/>.

        Copyright (C) 2023 LSPosed Contributors
-->
<resources targetOsVersion="10.0.0" majorVersion="1">
	<index root="\" startIndexAt="\">
		<default>
			<qualifier name="Language" value="en-US" />
		</default>
		<indexer-config type="folder" foldernameAsQualifier="true" filenameAsQualifier="true"
			qualifierDelimiter="." />
		<indexer-config type="PRI" />
		<indexer-config type="priinfo" />
	</index>
</resources>
